{
  "parent": "minecraft:block/cube_column",
  "textures": {
    "end": "minecraft:block/deepslate_top",
    "side": "minecraft:block/deepslate"
  },
  "overrides": [
    {
    "predicate": {"custom_model_data": 1},
    "model": "item/fake_deepslate"
    },
    {
    "predicate": {"custom_model_data": 2},
    "model": "item/fake_cobbled_deepslate"
    },
    {
    "predicate": {"custom_model_data": 3},
    "model": "item/fake_ores/deepslate_fake_coal"
    },
    {
    "predicate": {"custom_model_data": 4},
    "model": "item/fake_ores/deepslate_fake_copper"
    },
    {
    "predicate": {"custom_model_data": 5},
    "model": "item/fake_ores/deepslate_fake_lapis"
    },
    {
    "predicate": {"custom_model_data": 6},
    "model": "item/fake_ores/deepslate_fake_iron"
    },
    {
    "predicate": {"custom_model_data": 7},
    "model": "item/fake_ores/deepslate_fake_redstone"
    },
    {
    "predicate": {"custom_model_data": 8},
    "model": "item/fake_ores/deepslate_fake_diamond"
    },
    {
    "predicate": {"custom_model_data": 9},
    "model": "item/fake_ores/deepslate_fake_gold"
    },
    {
    "predicate": {"custom_model_data": 10},
    "model": "item/fake_ores/deepslate_fake_emerald"
    }
  ]
}
