{
  "parent": "minecraft:block/cube_all",
  "textures": {
    "all": "minecraft:block/stone"
  },
  "overrides": [
    {
    "predicate": {"custom_model_data": 1},
    "model": "item/fake_stone"
    },
    {
    "predicate": {"custom_model_data": 2},
    "model": "item/fake_cobblestone"
    },
    {
    "predicate": {"custom_model_data": 3},
    "model": "item/fake_ores/fake_coal"
    },
    {
    "predicate": {"custom_model_data": 4},
    "model": "item/fake_ores/fake_copper"
    },
    {
    "predicate": {"custom_model_data": 5},
    "model": "item/fake_ores/fake_lapis"
    },
    {
    "predicate": {"custom_model_data": 6},
    "model": "item/fake_ores/fake_iron"
    },
    {
    "predicate": {"custom_model_data": 7},
    "model": "item/fake_ores/fake_redstone"
    },
    {
    "predicate": {"custom_model_data": 8},
    "model": "item/fake_ores/fake_diamond"
    },
    {
    "predicate": {"custom_model_data": 9},
    "model": "item/fake_ores/fake_gold"
    },
    {
    "predicate": {"custom_model_data": 10},
    "model": "item/fake_ores/fake_emerald"
    }
  ]
}
